"0","library(tidyverse)
"
"2","â”€â”€ [1mAttaching core tidyverse packages[22m â”€â”€â”€â”€â”€â”€â”€â”€â”€â”€â”€â”€â”€â”€â”€â”€â”€â”€â”€â”€â”€â”€â”€â”€â”€â”€â”€â”€â”€â”€â”€â”€â”€â”€â”€â”€â”€â”€â”€â”€â”€ tidyverse 2.0.0 â”€â”€
[32mâœ”[39m [34mdplyr    [39m 1.1.3     [32mâœ”[39m [34mreadr    [39m 2.1.4
[32mâœ”[39m [34mforcats  [39m 1.0.0     [32mâœ”[39m [34mstringr  [39m 1.5.0
[32mâœ”[39m [34mggplot2  [39m 3.4.4     [32mâœ”[39m [34mtibble   [39m 3.2.1
[32mâœ”[39m [34mlubridate[39m 1.9.3     [32mâœ”[39m [34mtidyr    [39m 1.3.0
[32mâœ”[39m [34mpurrr    [39m 1.0.2     "
"2","â”€â”€ [1mConflicts[22m â”€â”€â”€â”€â”€â”€â”€â”€â”€â”€â”€â”€â”€â”€â”€â”€â”€â”€â”€â”€â”€â”€â”€â”€â”€â”€â”€â”€â”€â”€â”€â”€â”€â”€â”€â”€â”€â”€â”€â”€â”€â”€â”€â”€â”€â”€â”€â”€â”€â”€â”€â”€â”€â”€â”€â”€â”€â”€â”€ tidyverse_conflicts() â”€â”€
[31mâœ–[39m [34mdplyr[39m::[32mfilter()[39m masks [34mstats[39m::filter()
[31mâœ–[39m [34mdplyr[39m::[32mlag()[39m    masks [34mstats[39m::lag()
[36mâ„¹[39m Use the ]8;;http://conflicted.r-lib.org/conflicted package]8;; to force all conflicts to become errors"
"0","library(DAAG)"
"0","library(party)"
"2","Loading required package: grid
"
"2","Loading required package: mvtnorm
"
"2","Loading required package: modeltools
"
"2","Loading required package: stats4
"
"2","Loading required package: strucchange
"
"2","Loading required package: zoo
"
"2","
Attaching package: â€˜zooâ€™

"
"2","The following objects are masked from â€˜package:baseâ€™:

    as.Date, as.Date.numeric

"
"2","Loading required package: sandwich
"
"2","
Attaching package: â€˜strucchangeâ€™

"
"2","The following object is masked from â€˜package:stringrâ€™:

    boundary

"
"2","
Attaching package: â€˜partyâ€™

"
"2","The following object is masked from â€˜package:dplyrâ€™:

    where

"
"0","library(rpart)"
"0","library(rpart.plot)"
"0","library(mlbench)"
"0","library(pROC)"
"2","Type 'citation(""pROC"")' for a citation.
"
"2","
Attaching package: â€˜pROCâ€™

"
"2","The following objects are masked from â€˜package:statsâ€™:

    cov, smooth, var

"
"0","library(tree)"
"0","library(caret)"
"2","Loading required package: lattice
"
"2","Registered S3 method overwritten by 'data.table':
  method           from
  print.data.table     
"
"2","
Attaching package: â€˜caretâ€™

"
"2","The following object is masked from â€˜package:purrrâ€™:

    lift

"
